DAT_TXN,CC_BRN_TXN,ACCT_NO,TXT_TXN_DESC,DAT_VALUE,AMT_DRCR,AMT_TXN,REF_TXN_NO,REF_USR_NO
2024-01-21,1005,10062,Credit Interest Capitalised,2024-01-21,C,2742,540674699,123462528
2024-01-20,1007,10020,FT-TEST,2024-01-20,C,6002,540606276,123483491
2024-01-30,1010,10074,CASH DEP BRANCH SHORT,2024-01-30,C,8324,540874774,123481042
2024-01-03,1003,10027,US Escrow TD Redemption-Interest,2024-01-03,D,2747,541512159,123429466
2024-01-28,1024,10167,RD Install - MEMARI(TEST),2024-01-28,D,1215,540716021,123401068
2024-01-28,1000,10169,US EscrowTest TD Payin-Debit,2024-01-28,C,3308,540343403,123413600
2024-01-06,1012,10005,US Escrow TD Redemption-Tax1,2024-01-06,D,2562,540898927,123415517
2024-01-16,1023,10145,FT -edge remote Cr - Test1234 - TESTING BAO UPLOAD 1,2024-01-16,D,8549,540272131,123491095
2024-01-13,1015,10039,FT -edge remote Cr - Test1234 - TESTING BAO UPLOAD 1,2024-01-13,C,2774,540645583,123469335
2024-01-27,1025,10180,TEST,2024-01-27,D,2572,540180301,123412744
2024-01-09,1011,10113,Cheque Transaction Rejected,2024-01-09,C,4007,540337141,123429512
2024-01-14,1004,10176,test,2024-01-14,D,3748,541201488,123427673
2024-01-12,1001,10151,CASH DEP BRANCH SHORT,2024-01-12,D,3689,541470895,123409937
2024-01-07,1025,10160,FT - edge Cr - Test1234 - TESTING BAO UPLOAD 1,2024-01-07,C,6627,540267422,123475754
2024-01-19,1002,10122,DD Issue  - BNYM Bank LT - PUNE - BHAND - test123- test123,2024-01-19,C,7464,540324864,123491962
2024-01-01,1028,10121,US Escrow TD Redemption-Tax1,2024-01-01,D,8238,540418901,123416697
2024-01-19,1014,10094,FT-TEST,2024-01-19,C,6166,540506847,123454229
2024-01-25,1017,10187,TestRT1234-TestinG OF CHRGS,2024-01-25,D,1734,541783196,123499636
2024-01-22,1019,10063,TEST,2024-01-22,D,3770,540311130,123440967
2024-01-30,1011,10024,CASH DEP BRANCH SHORT,2024-01-30,C,8349,540824204,123441452
2024-01-14,1012,10043,OC Gefu Chq Dep for A/c status EightABC - TRANS,2024-01-14,C,4591,540746807,123465360
2024-01-13,1020,10132,CreditAccfor5L,2024-01-13,C,9761,542186601,123406728
2024-01-08,1002,10021,US EscrowTest TD Redemption-Principal,2024-01-08,D,3994,542068964,123489752
2024-01-15,1028,10135,CASH DEP BRANCH SHORT,2024-01-15,D,6641,541636435,123479912
2024-01-16,1023,10038,US Escrow TD Redemption-Tax1,2024-01-16,C,3136,541824467,123480363
2024-01-25,1011,10028,US Escrow TD Redemption-Tax1,2024-01-25,D,7921,542033200,123472343
2024-01-07,1000,10163,DD Issue  - BNYM Bank LT - PUNE - BHAND - test123- test123,2024-01-07,C,1107,540534962,123415685
2024-01-09,1027,10178,US Escrow TD Redemption-Tax1,2024-01-09,C,6258,541597235,123403980
2024-01-09,1025,10112,test,2024-01-09,C,6655,541527504,123492985
2024-01-11,1017,10110,CreditAccfor5L,2024-01-11,D,2829,541705934,123431655
2024-01-06,1012,10003,FT-TEST,2024-01-06,C,4185,540923452,123437438
2024-01-14,1015,10079,DD Issue  - BNYM Bank LT - PUNE - BHAND - test123- test123,2024-01-14,D,8135,540582734,123441549
2024-01-16,1004,10096,RD Install - MEMARI(TEST),2024-01-16,D,6455,541108749,123401783
2024-01-25,1012,10019,FT -edge remote Cr - Test1234 - TESTING BAO UPLOAD 1,2024-01-25,D,8012,540020140,123440028
2024-01-29,1022,10045,FT -TEST Dr - 1001 - ABCD,2024-01-29,D,9708,541168889,123426814
2024-01-07,1007,10146,US Escrow TD Redemption-Interest,2024-01-07,C,7587,540300612,123454091
2024-01-01,1002,10038,CASH DEP BRANCH SHORT,2024-01-01,D,6741,540125655,123466620
2024-01-02,1014,10116,US Escrow TD Redemption-Interest,2024-01-02,D,2530,541226637,123487070
2024-01-24,1009,10200,US EscrowTest TD Redemption-Principal,2024-01-24,C,9884,541673344,123461677
2024-01-02,1022,10148,CASH DEP BRANCH SHORT,2024-01-02,D,3673,542217744,123484393
2024-01-30,1000,10042,OC Gefu Chq Dep for A/c status EightABC - TRANS,2024-01-30,D,6059,541302513,123412666
2024-01-30,1010,10198,US Escrow TD Redemption-Interest,2024-01-30,C,4354,541091819,123434625
2024-01-17,1026,10068,CASH DEP BRANCH SHORT,2024-01-17,D,5538,541238248,123495657
2024-01-08,1021,10188,CASH DEP BRANCH SHORT,2024-01-08,D,3558,542264243,123497961
2024-01-19,1002,10020,RD Install - MEMARI(TEST),2024-01-19,D,3648,541507493,123454503
2024-01-22,1023,10187,RD Install - MEMARI(TEST),2024-01-22,C,9318,541225932,123481628
2024-01-29,1001,10181,FT-TEST,2024-01-29,D,5197,540697374,123446739
2024-01-19,1017,10155,FT -edge remote Cr - Test1234 - TESTING BAO UPLOAD 1,2024-01-19,C,9055,540548116,123457231
2024-01-10,1016,10185,TEST,2024-01-10,C,1407,540838606,123451464
2024-01-09,1012,10188,OC Gefu Chq Dep for A/c status ABC - TRANS,2024-01-09,D,9490,542149888,123474856
2024-01-04,1008,10000,FT -TEST Dr - 1001 - ABCD,2024-01-04,C,3798,540474844,123417943
2024-01-17,1008,10005,CreditAccfor5L,2024-01-17,D,9814,540666284,123431410
2024-01-14,1001,10017,FT - edge Cr - Test1234 - TESTING BAO UPLOAD 1,2024-01-14,C,5567,540910873,123447608
2024-01-15,1014,10073,FT -edge remote Cr - Test1234 - TESTING BAO UPLOAD 1,2024-01-15,C,284,540815962,123467383
2024-01-24,1027,10023,SALARY-employee TEST001,2024-01-24,D,8245,541375127,123423656
2024-01-01,1023,10175,CreditAccfor5L,2024-01-01,C,5328,541936812,123486873
2024-01-03,1024,10075,US Escrow TD Redemption-Interest,2024-01-03,D,4646,541429701,123495543
2024-01-24,1003,10084,CASH DEP BRANCH SHORT,2024-01-24,C,328,540154364,123436948
2024-01-16,1024,10109,Credit Interest Capitalised,2024-01-16,D,2074,541021238,123470886
2024-01-17,1000,10009,CreditAccfor5L,2024-01-17,C,972,540737545,123402096
2024-01-08,1004,10196,US EscrowTest TD Redemption-Principal,2024-01-08,D,2768,541346791,123426209
2024-01-07,1011,10122,RD Install - MEMARI(TEST),2024-01-07,D,5355,540977812,123432733
2024-01-06,1015,10005,Cheque Transaction Rejected,2024-01-06,C,2228,541187913,123403519
2024-01-13,1020,10119,FT - edge Cr - Test1234 - TESTING BAO UPLOAD 1,2024-01-13,C,5654,540599393,123454771
2024-01-19,1002,10004,FT - edge Cr - Test1234 - TESTING BAO UPLOAD 1,2024-01-19,D,1492,540961557,123435623
2024-01-21,1029,10177,US Escrow TD Redemption-Tax1,2024-01-21,C,2232,541834190,123403398
2024-01-29,1010,10099,US EscrowTest TD Payin-Debit,2024-01-29,D,956,541771086,123415396
2024-01-16,1016,10021,CASH DEP BRANCH SHORT,2024-01-16,C,1749,541529254,123491307
2024-01-03,1030,10162,test,2024-01-03,C,8528,541024410,123473925
2024-01-27,1030,10061,Misc.Dr - TEST BRANCH SHORT,2024-01-27,C,1164,541259107,123458915
2024-01-03,1027,10145,OC Gefu Chq Dep for A/c status ABC - TRANS,2024-01-03,D,6911,540511238,123402008
2024-01-20,1013,10165,SALARY-employee TEST001,2024-01-20,C,6983,540323571,123445506
2024-01-15,1011,10172,Credit Interest Capitalised,2024-01-15,D,4199,540596902,123479973
2024-01-27,1002,10032,test,2024-01-27,D,7724,541448049,123420310
2024-01-26,1024,10107,FT - edge Cr - Test1234 - TESTING BAO UPLOAD 1,2024-01-26,D,9387,541687025,123451851
2024-01-22,1024,10043,TEST,2024-01-22,D,9331,542055522,123488259
2024-01-10,1000,10180,DUMMY I/W Chq return-TRANSFER INWDUMMY,2024-01-10,C,1597,540246056,123448150
2024-01-12,1020,10146,SALARY-employee AUTOABC,2024-01-12,C,3009,541834836,123437149
2024-01-01,1005,10042,Cheque Transaction Rejected,2024-01-01,D,9111,541337770,123438829
2024-01-05,1028,10154,OC Gefu Chq Dep for A/c status EightABC - TRANS,2024-01-05,C,7957,540388251,123470045
2024-01-05,1007,10147,US EscrowTest TD Redemption-Principal,2024-01-05,C,330,540044802,123463119
2024-01-21,1025,10133,FT -TEST Dr - 1001 - ABCD,2024-01-21,C,157,542192875,123441962
2024-01-10,1017,10094,US EscrowTest TD Payin-Debit,2024-01-10,D,4854,541434840,123407294
2024-01-25,1010,10083,CreditAccfor5L,2024-01-25,C,203,540720754,123428144
2024-01-17,1018,10132,DD Issue  - BNYM Bank LT - PUNE - BHAND - test123- test123,2024-01-17,C,5868,541559025,123419804
2024-01-02,1010,10062,US EscrowTest TD Redemption-Principal,2024-01-02,C,3183,542220347,123405889
2024-01-23,1015,10016,OC Gefu Chq Dep for A/c status EightABC - TRANS,2024-01-23,C,1542,541655675,123439945
2024-01-26,1010,10135,Credit Interest Capitalised,2024-01-26,C,6487,540002385,123412848
2024-01-24,1026,10117,DD Issue  - BNYM Bank LT - PUNE - BHAND - test123- test123,2024-01-24,D,8655,541410474,123405905
2024-01-07,1008,10132,DUMMY I/W Chq return-TRANSFER INWDUMMY,2024-01-07,C,9291,540203054,123422314
2024-01-21,1011,10121,DUMMY Gefu Chq Dep,2024-01-21,D,9930,541522991,123453900
2024-01-25,1008,10170,Misc.Dr - TEST BRANCH SHORT,2024-01-25,C,7986,542146416,123452927
2024-01-30,1012,10154,DUMMY I/W Chq return-TRANSFER INWDUMMY,2024-01-30,D,5656,542231841,123473587
2024-01-10,1001,10112,FT-TEST,2024-01-10,D,8084,540704101,123407434
2024-01-19,1001,10062,Credit Interest Capitalised,2024-01-19,C,3634,542150644,123451284
2024-01-24,1004,10172,Credit Interest Capitalised,2024-01-24,D,7932,540538150,123400740
2024-01-24,1023,10020,TEST,2024-01-24,C,7674,541252653,123498617
2024-01-11,1028,10113,Credit Interest Capitalised,2024-01-11,D,260,541182950,123488954
2024-01-15,1010,10053,DUMMY I/W Chq return-TRANSFER INWDUMMY,2024-01-15,D,3382,542083899,123461739
2024-01-10,1006,10048,Misc.Dr - BRANCH SHORT,2024-01-10,C,3689,541236478,123404985
2024-01-03,1029,10029,CASH DEP BRANCH SHORT,2024-01-03,C,9319,542037028,123402432
2024-01-11,1008,10135,CreditAccfor5L,2024-01-11,C,2799,541142367,123433027
2024-01-04,1027,10188,Credit Interest Capitalised,2024-01-04,C,9779,541821685,123479629
2024-01-22,1008,10099,DUMMY I/W Chq return-TRANSFER INWDUMMY,2024-01-22,C,6812,541973401,123493911
2024-01-09,1030,10116,US EscrowTest TD Payin-Debit,2024-01-09,C,6679,540367623,123489392
2024-01-20,1002,10188,Misc.Dr - TEST BRANCH SHORT,2024-01-20,D,2414,541364417,123448999
2024-01-22,1022,10103,US Escrow TD Redemption-Interest,2024-01-22,D,3057,540892194,123425649
2024-01-12,1029,10067,CASH DEP BRANCH SHORT,2024-01-12,D,9615,540673281,123459537
2024-01-24,1001,10048,US Escrow TD Redemption-Tax1,2024-01-24,C,9742,540009795,123431815
2024-01-15,1023,10058,RD Install - MEMARI(TEST),2024-01-15,D,2048,540208784,123492007
2024-01-29,1005,10183,TestRT1234-TestinG OF CHRGS,2024-01-29,C,4148,540588439,123440988
2024-01-08,1002,10100,Credit Interest Capitalised,2024-01-08,C,1861,542265420,123461091
2024-01-22,1021,10116,Misc.Dr - TEST BRANCH SHORT,2024-01-22,D,8826,541697609,123438311
2024-01-22,1015,10131,OC Gefu Chq Dep for A/c status EightABC - TRANS,2024-01-22,C,3261,541643284,123452430
2024-01-04,1030,10155,FT - edge Cr - Test1234 - TESTING BAO UPLOAD 1,2024-01-04,D,4142,540891654,123404675
2024-01-13,1002,10019,FT-TEST,2024-01-13,C,2714,541035827,123490115
2024-01-16,1014,10053,Credit Interest Capitalised,2024-01-16,D,4934,541410780,123472179
2024-01-05,1003,10185,Cheque Transaction Rejected,2024-01-05,C,5550,541070005,123439004
2024-01-24,1026,10157,US EscrowTest TD Redemption-Principal,2024-01-24,C,6088,540247700,123454318
2024-01-27,1020,10128,Misc.Dr - TEST BRANCH SHORT,2024-01-27,C,6654,542103896,123499945
2024-01-02,1005,10142,DUMMY I/W Chq return-TRANSFER INWDUMMY,2024-01-02,C,9679,541522042,123462635
2024-01-14,1022,10107,FT - edge Cr - Test1234 - TESTING BAO UPLOAD 1,2024-01-14,D,6526,540931333,123499403
2024-01-28,1027,10020,US Escrow TD Redemption-Tax1,2024-01-28,C,3325,541192570,123410675
2024-01-14,1021,10191,RD Install - MEMARI(TEST),2024-01-14,C,7312,541157768,123460677
2024-01-12,1023,10152,RD Install - MEMARI(TEST),2024-01-12,C,4441,541991821,123497318
2024-01-20,1016,10090,US Escrow TD Redemption-Interest,2024-01-20,D,6214,540220794,123470016
2024-01-24,1025,10112,OC Gefu Chq Dep for A/c status EightABC - TRANS,2024-01-24,C,9021,541477243,123412215
2024-01-11,1022,10070,Credit Interest Capitalised,2024-01-11,C,7459,540083780,123412979
2024-01-30,1002,10022,FT - edge Cr - Test1234 - TESTING BAO UPLOAD 1,2024-01-30,C,5737,542084249,123404345
2024-01-02,1028,10160,SALARY-employee TEST001,2024-01-02,C,286,541082639,123425601
2024-01-27,1019,10112,US Escrow TD Redemption-Interest,2024-01-27,C,5081,541728316,123451235
2024-01-04,1014,10189,CASH DEP BRANCH SHORT,2024-01-04,D,9900,540954612,123436704
2024-01-03,1029,10165,FT -TEST Dr - 1001 - ABCD,2024-01-03,D,9415,541103216,123432547
2024-01-08,1027,10151,FT - edge Cr - Test1234 - TESTING BAO UPLOAD 1,2024-01-08,D,6791,541685683,123460354
2024-01-30,1001,10124,Misc.Dr - TEST BRANCH SHORT,2024-01-30,C,3025,540830600,123488289
2024-01-06,1002,10070,FT -edge remote Cr - Test1234 - TESTING BAO UPLOAD 1,2024-01-06,C,1321,542167157,123469759
2024-01-26,1003,10026,SALARY-employee AUTOABC,2024-01-26,D,9200,540830625,123463271
2024-01-23,1010,10153,FT -TEST Dr - 1001 - ABCD,2024-01-23,D,5761,540917762,123496060
2024-01-18,1000,10035,CreditAccfor5L,2024-01-18,D,8483,541601774,123495965
2024-01-02,1007,10015,TEST,2024-01-02,D,6453,540352271,123415240
2024-01-20,1024,10077,Credit Interest Capitalised,2024-01-20,D,6771,542173856,123448703
2024-01-19,1023,10027,Cheque Transaction Rejected,2024-01-19,C,5005,540900921,123435193
2024-01-11,1030,10014,Misc.Dr - BRANCH SHORT,2024-01-11,D,1937,541421870,123478597
2024-01-25,1023,10051,FT -edge remote Cr - Test1234 - TESTING BAO UPLOAD 1,2024-01-25,C,4604,540364673,123457850
2024-01-16,1030,10175,Misc.Dr - BRANCH SHORT,2024-01-16,D,2011,540572235,123430065
2024-01-09,1004,10144,FT -TEST Dr - 1001 - ABCD,2024-01-09,C,6615,540525323,123435586
2024-01-02,1029,10160,CASH DEP BRANCH SHORT,2024-01-02,D,5801,540244709,123450883
2024-01-01,1024,10024,CASH DEP BRANCH SHORT,2024-01-01,D,9305,541992983,123426704
2024-01-10,1018,10187,US Escrow TD Redemption-Interest,2024-01-10,C,4437,542160852,123418240
2024-01-24,1016,10003,Misc.Dr - BRANCH SHORT,2024-01-24,D,6706,541737101,123494382
2024-01-04,1012,10153,OC Gefu Chq Dep for A/c status ABC - TRANS,2024-01-04,D,3025,540737083,123411208
2024-01-03,1006,10163,FT-TEST,2024-01-03,D,930,541278878,123450504
2024-01-20,1009,10197,Credit Interest Capitalised,2024-01-20,D,9795,541404922,123409486
2024-01-04,1020,10126,CASH DEP BRANCH SHORT,2024-01-04,C,5528,541117905,123423696
2024-01-05,1016,10159,FT -edge remote Cr - Test1234 - TESTING BAO UPLOAD 1,2024-01-05,C,482,540257852,123496444
2024-01-17,1018,10103,Misc.Dr - BRANCH SHORT,2024-01-17,D,1947,541116614,123446489
2024-01-19,1018,10009,FT -TEST Dr - 1001 - ABCD,2024-01-19,D,1086,540769326,123483269
2024-01-13,1006,10193,test,2024-01-13,C,2509,540215638,123484171
2024-01-29,1022,10158,TestRT1234-TestinG OF CHRGS,2024-01-29,D,7134,541199268,123412264
2024-01-28,1030,10141,CASH DEP BRANCH SHORT,2024-01-28,C,6673,541983018,123405254
2024-01-25,1027,10137,FT-TEST,2024-01-25,D,2848,541353163,123466114
2024-01-20,1001,10014,DUMMY I/W Chq return-TRANSFER INWDUMMY,2024-01-20,D,6081,541111138,123479300
2024-01-28,1002,10086,US EscrowTest TD Payin-Debit,2024-01-28,C,4561,540718296,123453162
2024-01-11,1029,10157,TEST,2024-01-11,C,3381,541447165,123414675
2024-01-23,1027,10151,Misc.Dr - TEST BRANCH SHORT,2024-01-23,C,4905,541982505,123439614
2024-01-09,1001,10139,CASH DEP BRANCH SHORT,2024-01-09,C,6389,540512148,123458053
2024-01-19,1003,10115,SALARY-employee AUTOABC,2024-01-19,D,5709,540432168,123493701
2024-01-30,1017,10181,SALARY-employee TEST001,2024-01-30,C,9241,542030870,123416418
2024-01-12,1005,10086,OC Gefu Chq Dep for A/c status ABC - TRANS,2024-01-12,C,7517,541711855,123420016
2024-01-17,1002,10029,Credit Interest Capitalised,2024-01-17,C,5993,542205932,123400766
2024-01-15,1021,10123,DD Issue  - BNYM Bank LT - PUNE - BHAND - test123- test123,2024-01-15,C,5219,540896771,123490201
2024-01-09,1027,10090,FT -edge remote Cr - Test1234 - TESTING BAO UPLOAD 1,2024-01-09,D,5968,540201014,123467945
2024-01-19,1013,10000,SALARY-employee TEST001,2024-01-19,D,3520,542046255,123418891
2024-01-26,1010,10021,FT - edge Cr - Test1234 - TESTING BAO UPLOAD 1,2024-01-26,C,2415,540937880,123495312
2024-01-18,1000,10175,CreditAccfor5L,2024-01-18,C,8313,541368089,123452274
2024-01-01,1017,10103,TestRT1234-TestinG OF CHRGS,2024-01-01,C,2280,541799812,123476301
2024-01-30,1022,10004,OC Gefu Chq Dep for A/c status EightABC - TRANS,2024-01-30,D,7526,541670061,123470486
2024-01-24,1007,10122,TestRT1234-TestinG OF CHRGS,2024-01-24,C,6258,542174266,123483081
2024-01-29,1004,10176,DUMMY Gefu Chq Dep,2024-01-29,C,4735,541672149,123408268
2024-01-30,1029,10089,OC Gefu Chq Dep for A/c status EightABC - TRANS,2024-01-30,C,5523,540640168,123442642
2024-01-06,1006,10167,US EscrowTest TD Payin-Debit,2024-01-06,C,6307,541449960,123446604
2024-01-24,1011,10013,OC Gefu Chq Dep for A/c status ABC - TRANS,2024-01-24,D,836,541640898,123424232
2024-01-13,1026,10088,test,2024-01-13,D,1441,541304120,123487516
2024-01-15,1020,10187,FT - edge Cr - Test1234 - TESTING BAO UPLOAD 1,2024-01-15,D,8642,541560597,123417436
2024-01-11,1002,10195,Credit Interest Capitalised,2024-01-11,C,6925,541356581,123497399
2024-01-02,1007,10070,SALARY-employee AUTOABC,2024-01-02,C,9800,541170465,123417395
2024-01-07,1028,10150,FT-TEST,2024-01-07,D,8039,541859554,123425206
2024-01-05,1014,10138,OC Gefu Chq Dep for A/c status EightABC - TRANS,2024-01-05,D,1466,541743882,123429385
2024-01-01,1005,10034,CASH DEP BRANCH SHORT,2024-01-01,C,9804,540916878,123496413
2024-01-11,1030,10071,US Escrow TD Redemption-Tax1,2024-01-11,C,446,541054088,123446192
2024-01-21,1022,10026,CASH DEP BRANCH SHORT,2024-01-21,D,1903,542221522,123417891
2024-01-30,1014,10175,CreditAccfor5L,2024-01-30,C,289,541532814,123499557
2024-01-22,1000,10108,CASH DEP BRANCH SHORT,2024-01-22,D,2902,540175410,123436502
2024-01-05,1026,10159,Cheque Transaction Rejected,2024-01-05,D,6620,541074907,123425074
2024-01-28,1005,10054,OC Gefu Chq Dep for A/c status EightABC - TRANS,2024-01-28,C,2027,540777046,123479008
2024-01-13,1018,10196,SALARY-employee AUTOABC,2024-01-13,D,9102,540325556,123430197
2024-01-21,1017,10090,FT-TEST,2024-01-21,D,8690,540553205,123405133
2024-01-05,1006,10126,CASH DEP BRANCH SHORT,2024-01-05,C,6984,542256624,123440373
2024-01-28,1004,10008,FT - edge Cr - Test1234 - TESTING BAO UPLOAD 1,2024-01-28,D,4259,540566612,123426169
2024-01-16,1010,10032,Credit Interest Capitalised,2024-01-16,C,8380,540410907,123431084
2024-01-22,1007,10166,CASH DEP BRANCH SHORT,2024-01-22,D,8389,540777004,123450115
2024-01-02,1029,10068,RD Install - MEMARI(TEST),2024-01-02,C,4828,540995665,123496858
2024-01-05,1026,10043,FT-TEST,2024-01-05,C,2610,541244405,123444949
2024-01-20,1009,10061,US Escrow TD Redemption-Tax1,2024-01-20,D,5660,541771984,123401338
2024-01-22,1019,10046,OC Gefu Chq Dep for A/c status EightABC - TRANS,2024-01-22,C,2053,540899543,123466460
2024-01-05,1010,10010,OC Gefu Chq Dep for A/c status EightABC - TRANS,2024-01-05,C,8249,541413654,123464448
2024-01-24,1013,10143,Credit Interest Capitalised,2024-01-24,D,3592,540654756,123457517
2024-01-30,1013,10177,test,2024-01-30,C,1598,541294749,123431556
2024-01-25,1013,10121,CreditAccfor5L,2024-01-25,D,6699,540745345,123495401
2024-01-09,1028,10119,test,2024-01-09,D,3707,540098897,123495937
2024-01-21,1010,10155,OC Gefu Chq Dep for A/c status ABC - TRANS,2024-01-21,C,6980,540309260,123401273
2024-01-21,1012,10191,DUMMY I/W Chq return-TRANSFER INWDUMMY,2024-01-21,C,1772,540699532,123429445
2024-01-09,1030,10029,FT-TEST,2024-01-09,D,9496,540410701,123455339
2024-01-03,1029,10185,SALARY-employee TEST001,2024-01-03,D,6753,540187694,123479319
2024-01-12,1014,10027,CASH DEP BRANCH SHORT,2024-01-12,C,9035,540730840,123452737
2024-01-25,1014,10169,US Escrow TD Redemption-Interest,2024-01-25,D,2825,540608469,123463037
2024-01-16,1014,10148,US EscrowTest TD Redemption-Principal,2024-01-16,C,7374,542245632,123409374
2024-01-03,1008,10037,US EscrowTest TD Redemption-Principal,2024-01-03,D,8485,541821008,123489838
2024-01-14,1025,10005,FT - edge Cr - Test1234 - TESTING BAO UPLOAD 1,2024-01-14,D,5224,541690847,123482252
2024-01-07,1008,10118,CASH DEP BRANCH SHORT,2024-01-07,C,1012,542084453,123487024
2024-01-16,1027,10123,US Escrow TD Redemption-Tax1,2024-01-16,D,2286,541293547,123460730
2024-01-19,1012,10190,US EscrowTest TD Payin-Debit,2024-01-19,C,2832,540134113,123435240
2024-01-03,1018,10152,CreditAccfor5L,2024-01-03,D,9168,541818936,123492362
2024-01-02,1001,10114,CreditAccfor5L,2024-01-02,C,8588,541548521,123421414
2024-01-19,1028,10023,Misc.Dr - TEST BRANCH SHORT,2024-01-19,D,8061,542194171,123490419
2024-01-15,1007,10038,OC Gefu Chq Dep for A/c status ABC - TRANS,2024-01-15,D,8825,542220998,123494733
2024-01-05,1010,10140,DUMMY Gefu Chq Dep,2024-01-05,C,5198,541199974,123450131
2024-01-29,1017,10051,Cheque Transaction Rejected,2024-01-29,D,9318,541846641,123472756
2024-01-23,1007,10150,FT -TEST Dr - 1001 - ABCD,2024-01-23,C,9960,540743345,123424759
2024-01-06,1018,10049,FT -TEST Dr - 1001 - ABCD,2024-01-06,D,2872,540722842,123413645
2024-01-24,1030,10039,SALARY-employee TEST001,2024-01-24,C,1201,541845716,123417981
2024-01-24,1022,10020,US Escrow TD Redemption-Interest,2024-01-24,C,9037,541197580,123401143
2024-01-04,1025,10027,Misc.Dr - BRANCH SHORT,2024-01-04,C,6659,541332550,123441925
2024-01-26,1027,10062,test,2024-01-26,C,7575,542104848,123402991
2024-01-23,1015,10033,DD Issue  - BNYM Bank LT - PUNE - BHAND - test123- test123,2024-01-23,C,7810,541108188,123456862
2024-01-11,1019,10024,SALARY-employee AUTOABC,2024-01-11,C,822,541083231,123464744
2024-01-30,1012,10015,Misc.Dr - TEST BRANCH SHORT,2024-01-30,C,4917,541112981,123486913
2024-01-05,1026,10075,TestRT1234-TestinG OF CHRGS,2024-01-05,D,7263,540546722,123486417
2024-01-28,1016,10148,CASH DEP BRANCH SHORT,2024-01-28,D,7153,540246052,123460937
2024-01-14,1030,10168,DD Issue  - BNYM Bank LT - PUNE - BHAND - test123- test123,2024-01-14,C,7781,540929379,123496388
2024-01-10,1011,10138,SALARY-employee AUTOABC,2024-01-10,C,2053,540981043,123445491
2024-01-28,1000,10160,Cheque Transaction Rejected,2024-01-28,C,5774,541343492,123473611
2024-01-29,1021,10065,OC Gefu Chq Dep for A/c status EightABC - TRANS,2024-01-29,C,2380,541566576,123444581
2024-01-07,1027,10195,DUMMY Gefu Chq Dep,2024-01-07,D,5699,540297446,123423488
2024-01-06,1006,10056,US EscrowTest TD Redemption-Principal,2024-01-06,D,922,540869381,123425778
2024-01-22,1019,10198,CASH DEP BRANCH SHORT,2024-01-22,D,296,540984289,123436441
2024-01-16,1000,10029,SALARY-employee TEST001,2024-01-16,D,4910,540571427,123404876
2024-01-01,1024,10161,CASH DEP BRANCH SHORT,2024-01-01,C,8192,540359016,123430350
2024-01-05,1005,10193,FT - edge Cr - Test1234 - TESTING BAO UPLOAD 1,2024-01-05,C,3155,540406548,123426706
2024-01-06,1013,10084,Cheque Transaction Rejected,2024-01-06,D,7341,540494494,123468611
2024-01-14,1029,10010,US Escrow TD Redemption-Tax1,2024-01-14,C,3917,541023405,123406649
2024-01-19,1000,10129,CASH DEP BRANCH SHORT,2024-01-19,C,2583,540120762,123407390
2024-01-06,1024,10064,test,2024-01-06,D,6088,541038508,123426379
2024-01-10,1030,10065,SALARY-employee TEST001,2024-01-10,C,7066,540343461,123473730
2024-01-07,1014,10148,Credit Interest Capitalised,2024-01-07,D,2103,542187688,123486235
2024-01-27,1013,10005,SALARY-employee TEST001,2024-01-27,C,6835,541576330,123422479
2024-01-19,1007,10132,FT -TEST Dr - 1001 - ABCD,2024-01-19,D,8295,541707125,123416841
2024-01-06,1018,10021,SALARY-employee TEST001,2024-01-06,D,828,541463725,123410189
2024-01-15,1014,10005,Misc.Dr - BRANCH SHORT,2024-01-15,D,4050,541170248,123493507
2024-01-07,1008,10016,Credit Interest Capitalised,2024-01-07,C,5798,540162705,123489191
2024-01-10,1022,10093,Misc.Dr - TEST BRANCH SHORT,2024-01-10,D,3022,542011041,123481816
2024-01-20,1026,10179,OC Gefu Chq Dep for A/c status EightABC - TRANS,2024-01-20,D,2292,540287066,123444263
2024-01-12,1014,10140,CreditAccfor5L,2024-01-12,C,2459,541988496,123481029
2024-01-06,1018,10062,SALARY-employee AUTOABC,2024-01-06,D,2646,541484587,123425820
2024-01-20,1010,10053,SALARY-employee AUTOABC,2024-01-20,D,7214,540584007,123461527
2024-01-04,1007,10078,FT-TEST,2024-01-04,C,5163,540264076,123497512
2024-01-27,1025,10096,OC Gefu Chq Dep for A/c status ABC - TRANS,2024-01-27,C,610,541125907,123441023
2024-01-10,1013,10103,OC Gefu Chq Dep for A/c status ABC - TRANS,2024-01-10,D,6006,540425622,123494555
2024-01-29,1016,10026,DUMMY Gefu Chq Dep,2024-01-29,C,1968,540669518,123478407
2024-01-10,1023,10007,CreditAccfor5L,2024-01-10,D,7233,540838270,123401590
2024-01-08,1027,10153,Misc.Dr - TEST BRANCH SHORT,2024-01-08,D,5301,540668422,123472332
2024-01-19,1017,10179,Credit Interest Capitalised,2024-01-19,D,2159,541986908,123476232
2024-01-10,1022,10154,TEST,2024-01-10,C,6667,541156657,123446881
2024-01-01,1023,10057,Misc.Dr - BRANCH SHORT,2024-01-01,C,3182,541666143,123418926
2024-01-27,1026,10085,RD Install - MEMARI(TEST),2024-01-27,C,9795,541663243,123486705
2024-01-19,1006,10191,Credit Interest Capitalised,2024-01-19,D,4031,541566631,123428985
2024-01-24,1028,10113,DD Issue  - BNYM Bank LT - PUNE - BHAND - test123- test123,2024-01-24,D,2513,542083014,123465234
2024-01-09,1004,10138,SALARY-employee TEST001,2024-01-09,C,4199,542124616,123406670
2024-01-11,1006,10061,FT -TEST Dr - 1001 - ABCD,2024-01-11,C,2203,540505965,123448330
2024-01-05,1007,10105,FT-TEST,2024-01-05,D,4282,540979861,123485643
2024-01-15,1009,10026,FT -TEST Dr - 1001 - ABCD,2024-01-15,D,891,540383364,123434870
2024-01-10,1025,10082,US Escrow TD Redemption-Tax1,2024-01-10,C,7138,541306275,123416631
2024-01-28,1010,10071,DD Issue  - BNYM Bank LT - PUNE - BHAND - test123- test123,2024-01-28,C,516,541201781,123417998
2024-01-02,1006,10022,OC Gefu Chq Dep for A/c status ABC - TRANS,2024-01-02,D,2224,541905115,123416405
2024-01-29,1007,10101,FT-TEST,2024-01-29,C,6947,542126661,123492542
2024-01-25,1004,10015,Misc.Dr - TEST BRANCH SHORT,2024-01-25,D,8441,541305906,123435253
2024-01-19,1024,10069,Misc.Dr - BRANCH SHORT,2024-01-19,D,8672,540857692,123420060
2024-01-28,1019,10092,OC Gefu Chq Dep for A/c status ABC - TRANS,2024-01-28,C,5600,541875017,123489210
2024-01-09,1008,10043,FT - edge Cr - Test1234 - TESTING BAO UPLOAD 1,2024-01-09,D,6354,541182320,123463622
2024-01-18,1000,10187,Cheque Transaction Rejected,2024-01-18,D,560,541514453,123435665
2024-01-07,1020,10145,SALARY-employee AUTOABC,2024-01-07,D,1638,541591797,123418219
2024-01-18,1016,10126,CASH DEP BRANCH SHORT,2024-01-18,C,6768,542081049,123497684
2024-01-11,1012,10022,Misc.Dr - TEST BRANCH SHORT,2024-01-11,C,8407,541014411,123438956
2024-01-10,1029,10036,CASH DEP BRANCH SHORT,2024-01-10,C,1325,541019901,123405644
2024-01-14,1025,10154,Credit Interest Capitalised,2024-01-14,C,3303,542219718,123465184
2024-01-21,1002,10056,DUMMY I/W Chq return-TRANSFER INWDUMMY,2024-01-21,D,8845,541857337,123436985
2024-01-13,1000,10183,CreditAccfor5L,2024-01-13,C,4521,540293386,123460519
2024-01-06,1022,10101,Credit Interest Capitalised,2024-01-06,D,3675,540537035,123459646
2024-01-02,1026,10007,test,2024-01-02,C,2043,540613678,123421132
2024-01-29,1023,10118,Misc.Dr - TEST BRANCH SHORT,2024-01-29,D,5900,542229721,123402698
2024-01-19,1013,10141,DUMMY I/W Chq return-TRANSFER INWDUMMY,2024-01-19,C,8283,540467870,123479263
2024-01-09,1001,10073,test,2024-01-09,C,7334,540568715,123420891
2024-01-12,1003,10167,DUMMY I/W Chq return-TRANSFER INWDUMMY,2024-01-12,C,4588,541820351,123429025
2024-01-07,1013,10012,CASH DEP BRANCH SHORT,2024-01-07,C,9739,542020032,123496341
2024-01-25,1007,10089,TestRT1234-TestinG OF CHRGS,2024-01-25,D,1609,541697984,123484921
2024-01-27,1024,10126,FT - edge Cr - Test1234 - TESTING BAO UPLOAD 1,2024-01-27,C,5098,540769374,123498124
2024-01-22,1013,10002,Credit Interest Capitalised,2024-01-22,D,7356,541020889,123428091
2024-01-24,1018,10031,SALARY-employee AUTOABC,2024-01-24,D,4073,541694849,123401457
2024-01-17,1008,10107,OC Gefu Chq Dep for A/c status EightABC - TRANS,2024-01-17,D,1208,540519421,123498907
2024-01-07,1028,10113,Cheque Transaction Rejected,2024-01-07,C,7061,540074670,123440141
2024-01-24,1029,10136,FT -TEST Dr - 1001 - ABCD,2024-01-24,C,5929,540149180,123423848
2024-01-12,1023,10131,CreditAccfor5L,2024-01-12,C,5908,541387292,123423846
2024-01-28,1014,10085,DUMMY I/W Chq return-TRANSFER INWDUMMY,2024-01-28,D,4019,540146029,123491637
2024-01-06,1027,10119,SALARY-employee TEST001,2024-01-06,D,9543,540290372,123446650
2024-01-12,1007,10034,FT - edge Cr - Test1234 - TESTING BAO UPLOAD 1,2024-01-12,C,1935,541945066,123480966
2024-01-27,1007,10017,Credit Interest Capitalised,2024-01-27,C,3179,540181632,123426480
2024-01-14,1005,10135,OC Gefu Chq Dep for A/c status ABC - TRANS,2024-01-14,D,2825,540441828,123427687
2024-01-16,1009,10169,FT - edge Cr - Test1234 - TESTING BAO UPLOAD 1,2024-01-16,C,8168,542089978,123483003
2024-01-09,1016,10174,OC Gefu Chq Dep for A/c status ABC - TRANS,2024-01-09,D,9845,541402179,123411337
2024-01-21,1017,10050,FT -edge remote Cr - Test1234 - TESTING BAO UPLOAD 1,2024-01-21,D,2768,540956775,123454010
2024-01-21,1026,10171,TEST,2024-01-21,D,5386,542231927,123466444
2024-01-13,1007,10003,DUMMY Gefu Chq Dep,2024-01-13,D,1224,541035961,123422220
2024-01-08,1017,10102,CASH DEP BRANCH SHORT,2024-01-08,C,5348,542064665,123479664
2024-01-25,1004,10101,SALARY-employee AUTOABC,2024-01-25,D,5178,541071940,123428195
2024-01-19,1014,10135,Credit Interest Capitalised,2024-01-19,C,3665,540217385,123492670
2024-01-05,1016,10101,Misc.Dr - TEST BRANCH SHORT,2024-01-05,C,8289,541663746,123406051
2024-01-07,1006,10065,US Escrow TD Redemption-Tax1,2024-01-07,D,4494,541180704,123418037
2024-01-28,1016,10141,Misc.Dr - TEST BRANCH SHORT,2024-01-28,D,8614,541839062,123490754
2024-01-05,1030,10152,TEST,2024-01-05,C,837,540425084,123482271
2024-01-17,1000,10003,DUMMY Gefu Chq Dep,2024-01-17,D,3022,540663693,123440819
2024-01-26,1018,10049,US EscrowTest TD Redemption-Principal,2024-01-26,C,4769,541218470,123496908
2024-01-09,1026,10057,Credit Interest Capitalised,2024-01-09,C,5117,540642016,123418917
2024-01-05,1018,10052,OC Gefu Chq Dep for A/c status EightABC - TRANS,2024-01-05,C,4379,541549707,123432232
2024-01-19,1024,10094,US EscrowTest TD Payin-Debit,2024-01-19,D,8043,541608648,123457600
2024-01-25,1008,10098,Cheque Transaction Rejected,2024-01-25,D,7497,541416998,123438280
2024-01-18,1011,10017,CASH DEP BRANCH SHORT,2024-01-18,C,5764,540444050,123451100
2024-01-29,1026,10147,TestRT1234-TestinG OF CHRGS,2024-01-29,D,3486,540003347,123469665
2024-01-23,1005,10147,SALARY-employee AUTOABC,2024-01-23,C,9104,540700346,123418256
2024-01-10,1007,10052,DUMMY I/W Chq return-TRANSFER INWDUMMY,2024-01-10,C,4256,541641432,123469502
2024-01-09,1016,10131,FT-TEST,2024-01-09,C,2204,541187861,123400861
2024-01-09,1027,10029,US EscrowTest TD Payin-Debit,2024-01-09,C,8554,540301380,123447842
2024-01-10,1022,10192,Credit Interest Capitalised,2024-01-10,C,9182,541704566,123449718
2024-01-28,1025,10119,FT -TEST Dr - 1001 - ABCD,2024-01-28,C,7338,541234982,123416294
2024-01-11,1020,10054,SALARY-employee AUTOABC,2024-01-11,C,8748,540031173,123414731
2024-01-23,1005,10057,FT -TEST Dr - 1001 - ABCD,2024-01-23,D,4106,540663284,123446522
2024-01-11,1002,10140,US Escrow TD Redemption-Tax1,2024-01-11,C,5570,541674766,123431817
2024-01-02,1010,10175,FT-TEST,2024-01-02,D,4720,541531078,123432563
2024-01-02,1015,10006,OC Gefu Chq Dep for A/c status EightABC - TRANS,2024-01-02,D,4480,541125079,123406717
2024-01-04,1002,10009,Credit Interest Capitalised,2024-01-04,D,6302,541194121,123406385
2024-01-23,1014,10023,FT - edge Cr - Test1234 - TESTING BAO UPLOAD 1,2024-01-23,C,485,541230657,123493308
2024-01-13,1012,10083,US EscrowTest TD Payin-Debit,2024-01-13,C,2837,541731568,123493316
2024-01-15,1001,10147,Credit Interest Capitalised,2024-01-15,C,6976,540702082,123442372
2024-01-22,1015,10184,Misc.Dr - BRANCH SHORT,2024-01-22,C,6384,541220580,123476949
2024-01-15,1027,10019,OC Gefu Chq Dep for A/c status ABC - TRANS,2024-01-15,C,9939,542118763,123419335
2024-01-05,1016,10081,TEST,2024-01-05,D,1705,540784320,123411233
2024-01-22,1010,10107,FT - edge Cr - Test1234 - TESTING BAO UPLOAD 1,2024-01-22,C,2725,540387397,123496276
2024-01-13,1023,10027,DD Issue  - BNYM Bank LT - PUNE - BHAND - test123- test123,2024-01-13,D,5222,540823813,123432126
2024-01-11,1021,10014,Credit Interest Capitalised,2024-01-11,D,4704,540695945,123432144
2024-01-15,1026,10198,Credit Interest Capitalised,2024-01-15,C,3941,540203660,123412931
2024-01-27,1021,10198,Cheque Transaction Rejected,2024-01-27,D,2646,541970951,123490174
2024-01-05,1009,10098,SALARY-employee TEST001,2024-01-05,C,3593,541725841,123408913
2024-01-20,1003,10119,US Escrow TD Redemption-Tax1,2024-01-20,C,1256,540450288,123484818
2024-01-13,1024,10043,FT -TEST Dr - 1001 - ABCD,2024-01-13,D,3778,540425544,123410802
2024-01-13,1026,10014,FT - edge Cr - Test1234 - TESTING BAO UPLOAD 1,2024-01-13,C,5357,541106781,123475948
2024-01-16,1028,10159,Credit Interest Capitalised,2024-01-16,D,1934,541806525,123436411
2024-01-14,1004,10152,SALARY-employee AUTOABC,2024-01-14,D,482,540357932,123480137
2024-01-04,1019,10135,DD Issue  - BNYM Bank LT - PUNE - BHAND - test123- test123,2024-01-04,D,3987,540425875,123432902
2024-01-02,1021,10195,CASH DEP BRANCH SHORT,2024-01-02,D,2362,540670331,123495825
2024-01-02,1026,10034,DUMMY I/W Chq return-TRANSFER INWDUMMY,2024-01-02,C,3726,540677692,123408625
2024-01-08,1022,10156,US Escrow TD Redemption-Tax1,2024-01-08,D,7593,540001636,123496090
2024-01-13,1023,10101,FT-TEST,2024-01-13,C,5322,541105127,123400483
2024-01-02,1006,10065,SALARY-employee TEST001,2024-01-02,C,4617,541780935,123434260
2024-01-24,1000,10153,Credit Interest Capitalised,2024-01-24,C,9648,541179858,123462152
2024-01-08,1004,10054,DD Issue  - BNYM Bank LT - PUNE - BHAND - test123- test123,2024-01-08,D,4063,541219903,123472440
2024-01-19,1020,10124,RD Install - MEMARI(TEST),2024-01-19,C,1206,541525195,123413042
2024-01-02,1008,10097,SALARY-employee AUTOABC,2024-01-02,D,3592,540867675,123447046
2024-01-12,1006,10171,CASH DEP BRANCH SHORT,2024-01-12,D,3394,541724385,123402137
2024-01-04,1016,10074,US EscrowTest TD Redemption-Principal,2024-01-04,D,2859,541497888,123409674
2024-01-30,1007,10126,Misc.Dr - BRANCH SHORT,2024-01-30,D,9058,540443987,123446045
2024-01-23,1005,10136,TestRT1234-TestinG OF CHRGS,2024-01-23,D,2245,540339772,123406049
2024-01-14,1005,10080,Credit Interest Capitalised,2024-01-14,C,1233,540126849,123491084
2024-01-26,1029,10057,RD Install - MEMARI(TEST),2024-01-26,C,9606,540761061,123493795
2024-01-16,1025,10073,CASH DEP BRANCH SHORT,2024-01-16,D,5640,541164575,123475743
2024-01-10,1007,10130,TestRT1234-TestinG OF CHRGS,2024-01-10,C,3956,541360212,123419507
2024-01-27,1018,10066,CASH DEP BRANCH SHORT,2024-01-27,D,9873,540322682,123485946
2024-01-20,1020,10190,DUMMY Gefu Chq Dep,2024-01-20,D,9516,540672205,123475380
2024-01-14,1002,10142,CASH DEP BRANCH SHORT,2024-01-14,D,6677,540946668,123415867
2024-01-07,1022,10200,SALARY-employee TEST001,2024-01-07,D,2484,541752937,123476693
2024-01-28,1005,10080,FT-TEST,2024-01-28,C,4154,542136979,123400764
2024-01-22,1008,10173,test,2024-01-22,D,9163,540072871,123403727
2024-01-06,1000,10001,SALARY-employee AUTOABC,2024-01-06,C,3393,540743795,123483017
2024-01-03,1026,10173,FT - edge Cr - Test1234 - TESTING BAO UPLOAD 1,2024-01-03,D,1401,541690078,123443192
2024-01-29,1022,10093,FT - edge Cr - Test1234 - TESTING BAO UPLOAD 1,2024-01-29,D,5807,541762541,123493727
2024-01-28,1030,10086,OC Gefu Chq Dep for A/c status ABC - TRANS,2024-01-28,C,9610,541738023,123412683
2024-01-29,1025,10116,TestRT1234-TestinG OF CHRGS,2024-01-29,D,779,540791969,123400364
2024-01-15,1003,10102,Credit Interest Capitalised,2024-01-15,C,3369,541447080,123444730
2024-01-25,1004,10055,FT -edge remote Cr - Test1234 - TESTING BAO UPLOAD 1,2024-01-25,D,6097,542136440,123404806
2024-01-15,1015,10111,OC Gefu Chq Dep for A/c status EightABC - TRANS,2024-01-15,D,6346,540296996,123469536
2024-01-01,1013,10039,CASH DEP BRANCH SHORT,2024-01-01,D,8830,541320079,123483876
2024-01-15,1007,10117,US EscrowTest TD Redemption-Principal,2024-01-15,D,8998,541198050,123496378
2024-01-04,1023,10102,US Escrow TD Redemption-Tax1,2024-01-04,C,6111,542087095,123466633
2024-01-29,1007,10179,CASH DEP BRANCH SHORT,2024-01-29,C,8227,541027259,123475598
2024-01-28,1005,10131,FT-TEST,2024-01-28,C,6292,541993110,123431175
2024-01-04,1001,10030,US Escrow TD Redemption-Interest,2024-01-04,C,8361,541389533,123421987
2024-01-13,1017,10028,FT-TEST,2024-01-13,C,2638,540323132,123429766
2024-01-26,1007,10119,TestRT1234-TestinG OF CHRGS,2024-01-26,C,5416,541861419,123463019
2024-01-12,1007,10028,Credit Interest Capitalised,2024-01-12,D,5677,540836226,123436004
2024-01-17,1023,10187,CreditAccfor5L,2024-01-17,D,8608,540624604,123438239
2024-01-09,1021,10145,FT -edge remote Cr - Test1234 - TESTING BAO UPLOAD 1,2024-01-09,C,6291,541681270,123463456
2024-01-12,1007,10135,Credit Interest Capitalised,2024-01-12,D,9785,542078624,123446843
2024-01-06,1007,10134,TestRT1234-TestinG OF CHRGS,2024-01-06,C,7463,541317191,123429046
2024-01-02,1006,10153,FT - edge Cr - Test1234 - TESTING BAO UPLOAD 1,2024-01-02,D,4161,540156054,123428926
2024-01-15,1030,10099,US Escrow TD Redemption-Tax1,2024-01-15,D,8022,542236924,123416800
2024-01-04,1022,10061,TEST,2024-01-04,C,3199,541426599,123476116
2024-01-11,1025,10002,DD Issue  - BNYM Bank LT - PUNE - BHAND - test123- test123,2024-01-11,C,6573,541993718,123456682
2024-01-06,1014,10140,US Escrow TD Redemption-Tax1,2024-01-06,C,5054,540939947,123415869
2024-01-15,1001,10081,OC Gefu Chq Dep for A/c status ABC - TRANS,2024-01-15,D,9077,541683890,123436925
2024-01-10,1016,10064,FT - edge Cr - Test1234 - TESTING BAO UPLOAD 1,2024-01-10,D,8940,541660890,123438292
2024-01-02,1005,10113,CASH DEP BRANCH SHORT,2024-01-02,D,859,540361298,123414249
2024-01-09,1007,10040,TEST,2024-01-09,D,7691,540488711,123417798
2024-01-06,1004,10032,Cheque Transaction Rejected,2024-01-06,C,8114,542268909,123441101
2024-01-26,1006,10177,TestRT1234-TestinG OF CHRGS,2024-01-26,C,6137,541628922,123428338
2024-01-12,1030,10175,US EscrowTest TD Redemption-Principal,2024-01-12,C,2018,542263121,123417522
2024-01-05,1008,10000,CASH DEP BRANCH SHORT,2024-01-05,C,1191,541606076,123478676
2024-01-27,1018,10054,FT-TEST,2024-01-27,D,1673,541258857,123487440
2024-01-05,1028,10196,US EscrowTest TD Redemption-Principal,2024-01-05,D,5717,540521005,123469305
2024-01-30,1015,10061,CASH DEP BRANCH SHORT,2024-01-30,D,7230,540832700,123410719
2024-01-11,1008,10118,RD Install - MEMARI(TEST),2024-01-11,D,4183,541555242,123434335
2024-01-26,1023,10045,FT - edge Cr - Test1234 - TESTING BAO UPLOAD 1,2024-01-26,C,5985,542203185,123440368
2024-01-01,1006,10111,Credit Interest Capitalised,2024-01-01,C,9729,541803178,123423428
2024-01-01,1025,10095,US EscrowTest TD Payin-Debit,2024-01-01,C,2011,541483664,123469051
2024-01-27,1024,10094,Credit Interest Capitalised,2024-01-27,C,8087,541196803,123405328
2024-01-06,1015,10137,CreditAccfor5L,2024-01-06,C,2054,541064391,123435477
2024-01-09,1021,10145,CASH DEP BRANCH SHORT,2024-01-09,D,7397,540320910,123488463
2024-01-10,1005,10025,OC Gefu Chq Dep for A/c status EightABC - TRANS,2024-01-10,C,7515,540558305,123425732
2024-01-10,1028,10127,Credit Interest Capitalised,2024-01-10,D,2053,540431616,123486706
2024-01-27,1021,10187,FT -TEST Dr - 1001 - ABCD,2024-01-27,D,3178,540429759,123433867
2024-01-29,1002,10193,RD Install - MEMARI(TEST),2024-01-29,D,265,540207331,123476688
2024-01-05,1023,10133,FT -TEST Dr - 1001 - ABCD,2024-01-05,D,8067,540435044,123401041
2024-01-11,1007,10043,CASH DEP BRANCH SHORT,2024-01-11,D,319,541404493,123463849
2024-01-02,1001,10000,Misc.Dr - BRANCH SHORT,2024-01-02,D,2617,540496631,123403371
2024-01-20,1018,10111,Misc.Dr - TEST BRANCH SHORT,2024-01-20,D,9190,541979123,123468700
2024-01-18,1026,10200,CASH DEP BRANCH SHORT,2024-01-18,C,8374,542264838,123442542
2024-01-23,1010,10032,test,2024-01-23,C,1135,540018853,123441884
2024-01-15,1003,10075,RD Install - MEMARI(TEST),2024-01-15,C,5557,541522500,123416535
2024-01-12,1020,10094,Cheque Transaction Rejected,2024-01-12,C,9600,540883180,123461167
2024-01-12,1017,10190,CreditAccfor5L,2024-01-12,C,4832,541066812,123401726
2024-01-04,1020,10118,US EscrowTest TD Redemption-Principal,2024-01-04,D,943,540226409,123423138
2024-01-28,1002,10129,FT -edge remote Cr - Test1234 - TESTING BAO UPLOAD 1,2024-01-28,D,2373,541526341,123423396
2024-01-05,1006,10096,Credit Interest Capitalised,2024-01-05,D,8244,541686890,123437647
2024-01-08,1020,10105,TestRT1234-TestinG OF CHRGS,2024-01-08,D,9801,541785850,123456899
2024-01-09,1030,10152,CreditAccfor5L,2024-01-09,C,4152,540956359,123488796
2024-01-01,1023,10119,TestRT1234-TestinG OF CHRGS,2024-01-01,C,9381,541229158,123494446
2024-01-25,1024,10156,DD Issue  - BNYM Bank LT - PUNE - BHAND - test123- test123,2024-01-25,D,522,540364834,123490839
2024-01-07,1005,10182,US Escrow TD Redemption-Tax1,2024-01-07,C,8481,541013873,123490236
2024-01-08,1014,10052,US EscrowTest TD Redemption-Principal,2024-01-08,D,3987,540910064,123403317
2024-01-21,1000,10199,FT -TEST Dr - 1001 - ABCD,2024-01-21,C,7344,541593443,123439832
2024-01-15,1027,10181,US EscrowTest TD Redemption-Principal,2024-01-15,D,2060,542072094,123496437
2024-01-18,1025,10177,FT -edge remote Cr - Test1234 - TESTING BAO UPLOAD 1,2024-01-18,C,1617,541164731,123479381
2024-01-10,1016,10007,DUMMY I/W Chq return-TRANSFER INWDUMMY,2024-01-10,C,9858,541753481,123401671
2024-01-06,1021,10089,Credit Interest Capitalised,2024-01-06,C,5192,541469607,123447486
2024-01-09,1028,10199,CASH DEP BRANCH SHORT,2024-01-09,D,1110,540892024,123466119
2024-01-18,1001,10092,CASH DEP BRANCH SHORT,2024-01-18,C,3190,541604010,123472080
2024-01-05,1002,10021,SALARY-employee TEST001,2024-01-05,C,6128,542104494,123400392
2024-01-28,1029,10173,DUMMY I/W Chq return-TRANSFER INWDUMMY,2024-01-28,D,1482,541827084,123467388
2024-01-28,1018,10060,Cheque Transaction Rejected,2024-01-28,C,2440,540986913,123483291
2024-01-16,1004,10084,SALARY-employee TEST001,2024-01-16,C,5231,541524612,123484587
2024-01-24,1010,10053,Cheque Transaction Rejected,2024-01-24,C,9411,541062420,123439694
2024-01-02,1020,10158,FT - edge Cr - Test1234 - TESTING BAO UPLOAD 1,2024-01-02,C,4042,540695928,123425679
2024-01-21,1010,10177,DUMMY I/W Chq return-TRANSFER INWDUMMY,2024-01-21,D,5814,540258974,123405504
2024-01-17,1019,10187,Credit Interest Capitalised,2024-01-17,C,780,540152903,123485158
2024-01-19,1011,10193,TEST,2024-01-19,C,590,540404071,123497452
2024-01-27,1030,10038,US Escrow TD Redemption-Tax1,2024-01-27,D,2780,541378360,123443326
2024-01-11,1015,10116,US EscrowTest TD Payin-Debit,2024-01-11,D,6097,542115824,123445109
2024-01-24,1026,10130,Credit Interest Capitalised,2024-01-24,C,3580,541828254,123499675
2024-01-25,1014,10050,FT - edge Cr - Test1234 - TESTING BAO UPLOAD 1,2024-01-25,D,6478,542009220,123486065
2024-01-28,1007,10022,test,2024-01-28,C,8842,541026848,123448136
2024-01-27,1001,10161,US EscrowTest TD Redemption-Principal,2024-01-27,D,287,541909382,123497798
2024-01-05,1009,10028,US EscrowTest TD Payin-Debit,2024-01-05,C,5209,541746455,123419400
2024-01-28,1017,10157,CASH DEP BRANCH SHORT,2024-01-28,C,3614,540720676,123438366
2024-01-29,1030,10087,CASH DEP BRANCH SHORT,2024-01-29,D,1924,541311629,123470534
2024-01-22,1025,10166,CASH DEP BRANCH SHORT,2024-01-22,D,2838,541622182,123417820
2024-01-08,1010,10091,FT-TEST,2024-01-08,C,9037,542190544,123482180
2024-01-28,1005,10008,OC Gefu Chq Dep for A/c status ABC - TRANS,2024-01-28,D,4624,540532257,123473845
2024-01-26,1029,10036,CASH DEP BRANCH SHORT,2024-01-26,C,9876,541332102,123496147
2024-01-19,1016,10041,US EscrowTest TD Payin-Debit,2024-01-19,C,2688,542187975,123435903
2024-01-06,1013,10056,CASH DEP BRANCH SHORT,2024-01-06,C,267,541247790,123498427
2024-01-19,1023,10105,Credit Interest Capitalised,2024-01-19,C,2508,541709647,123412566
2024-01-12,1022,10143,FT -edge remote Cr - Test1234 - TESTING BAO UPLOAD 1,2024-01-12,D,5574,540540966,123424279
2024-01-17,1019,10022,test,2024-01-17,C,8522,542173027,123433769
2024-01-02,1018,10146,test,2024-01-02,D,6459,540146487,123427746
2024-01-30,1023,10088,FT -TEST Dr - 1001 - ABCD,2024-01-30,C,3714,540138513,123410421
2024-01-16,1002,10171,Credit Interest Capitalised,2024-01-16,C,4877,540173797,123421424
2024-01-23,1025,10184,FT -edge remote Cr - Test1234 - TESTING BAO UPLOAD 1,2024-01-23,C,3216,540298138,123486419
2024-01-08,1017,10060,SALARY-employee TEST001,2024-01-08,C,2391,541626653,123432594
2024-01-26,1022,10044,TestRT1234-TestinG OF CHRGS,2024-01-26,C,2920,541893520,123477633
2024-01-15,1013,10047,DD Issue  - BNYM Bank LT - PUNE - BHAND - test123- test123,2024-01-15,D,6814,542003819,123402926
2024-01-18,1013,10200,TEST,2024-01-18,D,4342,540834632,123460256
2024-01-19,1025,10039,US EscrowTest TD Redemption-Principal,2024-01-19,C,9871,541400019,123496901
2024-01-23,1026,10173,US EscrowTest TD Redemption-Principal,2024-01-23,D,1409,541796459,123482697
